,coin,best_params,best_score
0,avalanche-2,"(4, 1, 2)",4.805746330812066
1,binancecoin,"(1, 0, 0)",17.697688677019364
2,bitcoin,"(4, 1, 2)",1434.9833669424677
3,cardano,"(5, 0, 0)",0.05955074561026634
4,dogecoin,"(1, 0, 0)",0.007150165101965391
5,ethereum,"(1, 0, 0)",131.26018829216875
6,polkadot,"(1, 0, 0)",1.0992319874934933
7,ripple,"(4, 2, 2)",0.035661951075162845
8,solana,"(2, 0, 0)",6.521056370869237
9,terra-luna,"(4, 1, 2)",4.932094406735669
