,coin,best_params,best_score
0,avalanche-2,"(0, 0, 0)",84.74289102356762
1,binancecoin,"(0, 0, 0)",430.1598965838543
2,bitcoin,"(0, 0, 0)",41475.892577703846
3,cardano,"(0, 0, 0)",1.1570276155847823
4,dogecoin,"(0, 0, 0)",0.15160964306721306
5,ethereum,"(0, 0, 0)",3045.3876083272594
6,polkadot,"(0, 0, 0)",22.225747311359118
7,ripple,"(0, 0, 0)",0.7487441097834987
8,solana,"(0, 0, 0)",123.00897028003624
9,terra-luna,"(0, 0, 0)",67.47461550165939
