,coin,best_params,best_score
0,avalanche-2,"(4, 1, 2)",4.762765730988849
1,binancecoin,"(1, 0, 0)",17.498048765262634
2,bitcoin,"(1, 0, 2)",1312.2950188671325
3,cardano,"(4, 2, 1)",0.05954423554570669
4,dogecoin,"(1, 0, 0)",0.007429142858481449
5,ethereum,"(1, 0, 0)",129.3369424143032
6,polkadot,"(6, 0, 0)",1.1397223090425161
7,ripple,"(4, 2, 2)",0.036123028126558286
8,solana,"(2, 0, 0)",6.624166858724219
9,terra-luna,"(4, 1, 2)",4.423441845271864
