,coin,best_params,best_score
0,avalanche-2,"(1, 1, 1)",4.9435338448932375
1,binancecoin,"(1, 1, 1)",17.75913052039474
2,bitcoin,"(1, 1, 1)",1342.8595618627144
3,cardano,"(1, 1, 1)",0.06615166474612126
4,dogecoin,"(1, 1, 1)",0.0076253784828684565
5,ethereum,"(1, 1, 1)",133.90741598265768
6,polkadot,"(1, 1, 1)",1.1670460572755381
7,ripple,"(1, 1, 1)",0.0387166224985332
8,solana,"(1, 1, 1)",6.776217257999098
9,terra-luna,"(1, 1, 1)",4.566774945935168
