,coin,best_params,best_score
0,avalanche-2,"(5, 1, 1)",4.8050135116428025
1,binancecoin,"(1, 0, 0)",17.518311980105473
2,bitcoin,"(4, 1, 2)",1337.7341518458213
3,cardano,"(4, 0, 0)",0.06333384138686521
4,dogecoin,"(0, 2, 1)",0.007433014000441945
5,ethereum,"(1, 2, 2)",130.14551789560497
6,polkadot,"(5, 2, 1)",1.1428242946565046
7,ripple,"(4, 0, 0)",0.03739597254563284
8,solana,"(1, 0, 1)",6.671863059081005
9,terra-luna,"(4, 1, 2)",4.438826038364191
