,coin,best_params,best_score
0,avalanche-2,"(6, 0, 0)",4.786229671341731
1,binancecoin,"(1, 0, 0)",17.451305491884806
2,bitcoin,"(4, 1, 2)",1317.2500456409437
3,cardano,"(1, 2, 2)",0.06313257864682331
4,dogecoin,"(2, 0, 1)",0.00723223705874747
5,ethereum,"(1, 3, 2)",128.8844627011081
6,polkadot,"(2, 0, 2)",1.13602441073206
7,ripple,"(4, 2, 2)",0.03643163699547092
8,solana,"(2, 0, 0)",6.720032489132943
9,terra-luna,"(4, 1, 2)",4.507819411395523
