,coin,best_params,best_score
0,avalanche-2,"(0, 0, 0)",85.24465858836287
1,binancecoin,"(0, 0, 0)",83.52336639529531
2,bitcoin,"(0, 0, 0)",18283.518642540785
3,cardano,"(0, 0, 0)",0.7027257436213471
4,dogecoin,"(0, 0, 0)",0.06636393999003387
5,ethereum,"(0, 0, 0)",836.8501309605192
6,polkadot,"(0, 0, 0)",17.525776326666175
7,ripple,"(0, 0, 0)",0.25805210497644876
8,solana,"(0, 0, 0)",59.47309743571819
9,terra-luna,"(0, 0, 0)",61.073118787504
