,coin,best_params,best_score
0,avalanche-2,"(4, 1, 2)",4.775313513611985
1,binancecoin,"(0, 1, 0)",17.58073381895373
2,bitcoin,"(1, 1, 2)",1351.6233769576434
3,cardano,"(1, 3, 2)",0.059390673554310595
4,dogecoin,"(0, 2, 1)",0.007461468523563171
5,ethereum,"(0, 1, 0)",129.93164505032584
6,polkadot,"(5, 2, 1)",1.1392743754342043
7,ripple,"(2, 2, 2)",0.037118559724634494
8,solana,"(1, 3, 2)",6.663594053425645
9,terra-luna,"(4, 1, 2)",4.552650352205801
